Acerola,https://halfyourplate-4kgxi1gvwldjzby.stackpathdns.com/wp-content/uploads/2014/12/acerola_small.gif
Apple,https://halfyourplate-4kgxi1gvwldjzby.stackpathdns.com/wp-content/uploads/2014/12/apple_small.gif
Apricots,https://halfyourplate-4kgxi1gvwldjzby.stackpathdns.com/wp-content/uploads/2015/01/apricot_small.jpg
Avocado,https://halfyourplate-4kgxi1gvwldjzby.stackpathdns.com/wp-content/uploads/2015/01/avocado_small.jpg
Banana,https://halfyourplate-4kgxi1gvwldjzby.stackpathdns.com/wp-content/uploads/2015/01/banana_small.gif
Blackberries,https://halfyourplate-4kgxi1gvwldjzby.stackpathdns.com/wp-content/uploads/2019/03/BlackberrySmall.jpg
Blackcurrant,https://halfyourplate-4kgxi1gvwldjzby.stackpathdns.com/wp-content/uploads/2015/01/blackcurrant_small.gif
Blueberries,https://halfyourplate-4kgxi1gvwldjzby.stackpathdns.com/wp-content/uploads/2015/01/blueberries_small.jpg
Breadfruit,https://halfyourplate-4kgxi1gvwldjzby.stackpathdns.com/wp-content/uploads/2015/01/breadfruit_small.gif
Cantaloupe,https://halfyourplate-4kgxi1gvwldjzby.stackpathdns.com/wp-content/uploads/2015/01/cantaloupe_small.gif
Carambola,https://halfyourplate-4kgxi1gvwldjzby.stackpathdns.com/wp-content/uploads/2015/01/carambola_small.jpg
Cherimoya,https://halfyourplate-4kgxi1gvwldjzby.stackpathdns.com/wp-content/uploads/2015/01/cherimoya_small.gif
Cherries,https://halfyourplate-4kgxi1gvwldjzby.stackpathdns.com/wp-content/uploads/2015/01/cherries_small.jpg
Clementine,https://halfyourplate-4kgxi1gvwldjzby.stackpathdns.com/wp-content/uploads/2015/01/clementine_small.gif
Coconut Meat,https://halfyourplate-4kgxi1gvwldjzby.stackpathdns.com/wp-content/uploads/2015/01/coconutmeat_small.gif
Cranberries,https://halfyourplate-4kgxi1gvwldjzby.stackpathdns.com/wp-content/uploads/2017/03/Cranberriesforwebsite1.jpg
Custard-Apple,https://halfyourplate-4kgxi1gvwldjzby.stackpathdns.com/wp-content/uploads/2015/01/custardapple_small.gif
Date Fruit,https://halfyourplate-4kgxi1gvwldjzby.stackpathdns.com/wp-content/uploads/2015/01/datefruit_small.gif
Durian,https://halfyourplate-4kgxi1gvwldjzby.stackpathdns.com/wp-content/uploads/2015/01/durian_samll.gif
Elderberries,https://halfyourplate-4kgxi1gvwldjzby.stackpathdns.com/wp-content/uploads/2015/01/elderberries_small.gif
Feijoa,https://halfyourplate-4kgxi1gvwldjzby.stackpathdns.com/wp-content/uploads/2015/01/feijoa_small.gif
Figs,https://halfyourplate-4kgxi1gvwldjzby.stackpathdns.com/wp-content/uploads/2015/01/fig_small.gif
Gooseberries,https://halfyourplate-4kgxi1gvwldjzby.stackpathdns.com/wp-content/uploads/2015/01/gooseberries_small.gif
Grapefruit,https://halfyourplate-4kgxi1gvwldjzby.stackpathdns.com/wp-content/uploads/2015/01/grapefruit_samll.gif
Grapes,https://halfyourplate-4kgxi1gvwldjzby.stackpathdns.com/wp-content/uploads/2015/01/grapes_small.jpg
Guava,https://halfyourplate-4kgxi1gvwldjzby.stackpathdns.com/wp-content/uploads/2015/01/guava_small.jpg
Honeydew Melon,https://halfyourplate-4kgxi1gvwldjzby.stackpathdns.com/wp-content/uploads/2015/01/honeydewmelon_small.gif
Jackfruit,https://halfyourplate-4kgxi1gvwldjzby.stackpathdns.com/wp-content/uploads/2015/01/jackfruit_small.gif
Java-Plum,https://halfyourplate-4kgxi1gvwldjzby.stackpathdns.com/wp-content/uploads/2015/01/javplum_small.gif
Jujube Fruit,https://halfyourplate-4kgxi1gvwldjzby.stackpathdns.com/wp-content/uploads/2015/01/jujube_small.gif
Kiwifruit,https://halfyourplate-4kgxi1gvwldjzby.stackpathdns.com/wp-content/uploads/2015/01/kiwi_small.gif
Kumquat,https://halfyourplate-4kgxi1gvwldjzby.stackpathdns.com/wp-content/uploads/2015/01/kumquat_small.gif
Lemon,https://halfyourplate-4kgxi1gvwldjzby.stackpathdns.com/wp-content/uploads/2015/01/lemon_small.gif
Lime,https://halfyourplate-4kgxi1gvwldjzby.stackpathdns.com/wp-content/uploads/2015/07/iStock_000013736793_small.jpg
Longan,https://halfyourplate-4kgxi1gvwldjzby.stackpathdns.com/wp-content/uploads/2015/01/longan_small.gif
Loquat,https://halfyourplate-4kgxi1gvwldjzby.stackpathdns.com/wp-content/uploads/2015/01/loquat_small.gif
Lychee,https://halfyourplate-4kgxi1gvwldjzby.stackpathdns.com/wp-content/uploads/2015/01/lychee_small.gif
Mandarin,https://halfyourplate-4kgxi1gvwldjzby.stackpathdns.com/wp-content/uploads/2015/01/mandarin_small.gif
Mango,https://halfyourplate-4kgxi1gvwldjzby.stackpathdns.com/wp-content/uploads/2015/01/mango_small.gif
Mangosteen,https://halfyourplate-4kgxi1gvwldjzby.stackpathdns.com/wp-content/uploads/2015/01/mangosteen_small.gif
Mulberries,https://halfyourplate-4kgxi1gvwldjzby.stackpathdns.com/wp-content/uploads/2015/01/mulberries_small.gif
Nectarine,https://halfyourplate-4kgxi1gvwldjzby.stackpathdns.com/wp-content/uploads/2015/01/nectarine_small.gif
Olives,https://halfyourplate-4kgxi1gvwldjzby.stackpathdns.com/wp-content/uploads/2015/01/olives_small.gif
Orange,https://halfyourplate-4kgxi1gvwldjzby.stackpathdns.com/wp-content/uploads/2015/01/orange_small.gif
Papaya,https://halfyourplate-4kgxi1gvwldjzby.stackpathdns.com/wp-content/uploads/2015/01/papaya_small.gif
Passion Fruit,https://halfyourplate-4kgxi1gvwldjzby.stackpathdns.com/wp-content/uploads/2015/01/passionfruit_small.jpg
Peaches,https://halfyourplate-4kgxi1gvwldjzby.stackpathdns.com/wp-content/uploads/2015/01/peach_small.jpg
Pear,https://halfyourplate-4kgxi1gvwldjzby.stackpathdns.com/wp-content/uploads/2015/01/pear_small.jpg
Persimmon,https://halfyourplate-4kgxi1gvwldjzby.stackpathdns.com/wp-content/uploads/2015/01/persimmon_small.gif
Dragonfruit,https://halfyourplate-4kgxi1gvwldjzby.stackpathdns.com/wp-content/uploads/2019/09/Dragon-Fruit-Small.jpg
Pineapple,https://halfyourplate-4kgxi1gvwldjzby.stackpathdns.com/wp-content/uploads/2015/01/pineapple_small.jpg
Pitanga,https://halfyourplate-4kgxi1gvwldjzby.stackpathdns.com/wp-content/uploads/2015/01/pitanga_small.gif
Plantain,https://halfyourplate-4kgxi1gvwldjzby.stackpathdns.com/wp-content/uploads/2015/01/plantain_small.jpg
Plums,https://halfyourplate-4kgxi1gvwldjzby.stackpathdns.com/wp-content/uploads/2015/01/plums_small.jpg
Pomegranate,https://halfyourplate-4kgxi1gvwldjzby.stackpathdns.com/wp-content/uploads/2015/01/pomegranate_small.jpg
Prickly Pear,https://halfyourplate-4kgxi1gvwldjzby.stackpathdns.com/wp-content/uploads/2014/12/tiny-prickly-pear.jpg
Prunes,https://halfyourplate-4kgxi1gvwldjzby.stackpathdns.com/wp-content/uploads/2015/01/prunes_small.gif
Pummelo,https://halfyourplate-4kgxi1gvwldjzby.stackpathdns.com/wp-content/uploads/2015/01/pummelo_small.gif
Quince,https://halfyourplate-4kgxi1gvwldjzby.stackpathdns.com/wp-content/uploads/2015/01/quince_small.gif
Raspberries,https://halfyourplate-4kgxi1gvwldjzby.stackpathdns.com/wp-content/uploads/2015/01/raspberries_small.gif
Rhubarb,https://halfyourplate-4kgxi1gvwldjzby.stackpathdns.com/wp-content/uploads/2015/01/rhubarb_small.gif
Rose-Apple,https://halfyourplate-4kgxi1gvwldjzby.stackpathdns.com/wp-content/uploads/2015/01/roseapple_small.gif
Sapodilla,https://halfyourplate-4kgxi1gvwldjzby.stackpathdns.com/wp-content/uploads/2015/01/sapodilla_small.gif
Sapote,https://halfyourplate-4kgxi1gvwldjzby.stackpathdns.com/wp-content/uploads/2015/01/sapote_small.gif
Soursop,https://halfyourplate-4kgxi1gvwldjzby.stackpathdns.com/wp-content/uploads/2015/01/soursop_small.gif
Strawberries,https://halfyourplate-4kgxi1gvwldjzby.stackpathdns.com/wp-content/uploads/2015/01/strawberries_small-e1426772485578.gif
Sugar-Apple,https://halfyourplate-4kgxi1gvwldjzby.stackpathdns.com/wp-content/uploads/2015/01/sugarapple_small.gif
Tamarind,https://halfyourplate-4kgxi1gvwldjzby.stackpathdns.com/wp-content/uploads/2015/01/tamarind_small.gif
Tangerine,https://halfyourplate-4kgxi1gvwldjzby.stackpathdns.com/wp-content/uploads/2015/01/tangerine_small.gif
Watermelon,https://halfyourplate-4kgxi1gvwldjzby.stackpathdns.com/wp-content/uploads/2015/01/watermelon_small.gif
